{"cameraMode":{"drawMode":1,"name":"Wireframe","section":"Shading Mode"},"sceneLighting":true,"audioPlay":false,"sceneViewState":{"m_AlwaysRefresh":false,"showFog":true,"showSkybox":true,"showFlares":true,"showImageEffects":true,"showParticleSystems":true,"showVisualEffectGraphs":true,"m_FxEnabled":true},"in2DMode":false,"pivot":{"x":-0.5691041350364685,"y":1.8413269519805909,"z":0.4647914171218872},"rotation":{"x":-0.012049291282892228,"y":0.2926299571990967,"z":0.0036897172685712578,"w":0.9561449289321899},"size":0.9419006705284119,"orthographic":true}